wavelength_low,wavelength_high,depth,error
2.8700,2.8999,45123.3,100.0
2.8999,2.9302,45117.7,100.0
2.9302,2.9607,45204.7,100.0
2.9607,2.9916,45148.6,100.0
2.9916,3.0228,45313.2,100.0
3.0228,3.0544,45357.6,100.0
3.0544,3.0862,45493.6,100.0
3.0862,3.1184,45756.6,100.0
3.1184,3.1509,45652.6,100.0
3.1509,3.1838,45818.8,100.0
3.1838,3.2170,45862.6,100.0
3.2170,3.2506,45839.8,100.0
3.2506,3.2845,45670.2,100.0
3.2845,3.3187,45875.8,100.0
3.3187,3.3533,46125.4,100.0
3.3533,3.3883,45692.5,100.0
3.3883,3.4237,45671.6,100.0
3.4237,3.4594,45838.2,100.0
3.4594,3.4955,45856.6,100.0
3.4955,3.5319,45916.9,100.0
3.5319,3.5688,45950.3,100.0
3.5688,3.6060,45630.2,100.0
3.6060,3.6436,45454.5,100.0
3.6436,3.6816,45226.4,100.0
3.6816,3.7200,45370.5,100.0
3.8200,3.8590,45012.8,100.0
3.8590,3.8984,45039.4,100.0
3.8984,3.9381,44946.4,100.0
3.9381,3.9783,44954.9,100.0
3.9783,4.0189,44974.8,100.0
4.0189,4.0599,44855.7,100.0
4.0599,4.1013,44802.0,100.0
4.1013,4.1432,44629.4,100.0
4.1432,4.1855,44602.3,100.0
4.1855,4.2282,44769.4,100.0
4.2282,4.2713,44927.8,100.0
4.2713,4.3149,45185.0,100.0
4.3149,4.3589,44998.0,100.0
4.3589,4.4034,45026.7,100.0
4.4034,4.4483,44772.1,100.0
4.4483,4.4937,44490.5,100.0
4.4937,4.5396,44488.4,100.0
4.5396,4.5859,44410.5,100.0
4.5859,4.6327,44695.3,100.0
4.6327,4.6799,44404.9,100.0
4.6799,4.7277,44586.3,100.0
4.7277,4.7759,44476.9,100.0
4.7759,4.8247,44772.1,100.0
4.8247,4.8739,44611.5,100.0
4.8739,4.9236,44601.8,100.0
4.9236,4.9739,44750.3,100.0
4.9739,5.0246,44710.3,100.0
5.0246,5.0759,44784.6,100.0
5.0759,5.1277,44790.6,100.0
5.1277,5.1800,44744.3,100.0
